{"cameraMode":{"drawMode":0,"name":"Shaded","section":"Shading Mode"},"sceneLighting":true,"audioPlay":false,"sceneViewState":{"m_AlwaysRefresh":false,"showFog":true,"showSkybox":true,"showFlares":true,"showImageEffects":true,"showParticleSystems":true,"showVisualEffectGraphs":true,"m_FxEnabled":true},"in2DMode":false,"pivot":{"x":-16.675451278686525,"y":5.411614418029785,"z":-32.41320037841797},"rotation":{"x":-0.01349286362528801,"y":-0.03149176388978958,"z":-0.0004251364152878523,"w":0.9994127750396729},"size":9.274688720703125,"orthographic":true}