{"cameraMode":{"drawMode":0,"name":"Shaded","section":"Shading Mode"},"sceneLighting":true,"audioPlay":false,"sceneViewState":{"m_AlwaysRefresh":false,"showFog":true,"showSkybox":true,"showFlares":true,"showImageEffects":true,"showParticleSystems":true,"showVisualEffectGraphs":true,"m_FxEnabled":true},"in2DMode":false,"pivot":{"x":-2.95044207572937,"y":-7.886112689971924,"z":14.600996971130371},"rotation":{"x":-0.20372112095355988,"y":0.05606859549880028,"z":-0.011690452694892884,"w":-0.9773521423339844},"size":14.404233932495118,"orthographic":false}